[{"fields":{"0":{"id":"0","type":"name","label":"Name","format":"simple","description":"","required":"1","size":"large","simple_placeholder":"Full name","simple_default":"","first_placeholder":"","first_default":"","middle_placeholder":"","middle_default":"","last_placeholder":"","last_default":"","css":"","label_hide":"1"},"3":{"id":"3","type":"number","label":"Phone Number","description":"","required":"1","size":"large","placeholder":"Phone Number","default_value":"","css":"","label_hide":"1"},"1":{"id":"1","type":"email","label":"Email","description":"","required":"1","size":"large","placeholder":"Email","confirmation_placeholder":"","default_value":false,"filter_type":"","allowlist":"","denylist":"","css":"","label_hide":"1","sublabel_hide":"1"},"2":{"id":"2","type":"textarea","label":"Message","description":"","required":"1","size":"medium","placeholder":"Message","limit_count":"1","limit_mode":"characters","default_value":"","css":"","label_hide":"1"}},"id":"1377","field_id":4,"settings":{"form_title":"Simple Contact Form","form_desc":"","submit_text":"Send Now","submit_text_processing":"Sending...","form_class":"","submit_class":"","ajax_submit":"1","notification_enable":"1","notifications":{"1":{"email":"{admin_email}","subject":"New Entry: Simple Contact Form","sender_name":"Planet Earth Store","sender_address":"{admin_email}","replyto":"{field_id=\"1\"}","message":"{all_fields}"}},"confirmations":{"1":{"type":"message","message":"\u003Cp\u003EThanks for contacting us! We will be in touch with you shortly.\u003C\/p\u003E","message_scroll":"1","page":"252","redirect":""}},"antispam":"1","form_tags":[]},"meta":{"template":"simple-contact-form-template"}}]